{
  "weights": {
    "another_edge": 0.12113854088443075,
    "xsec_momentum": 0.7275429635090793,
    "nan": 0.03057010990283216,
    "edge_name": 0.086036784406343,
    "test_edge": 0.03471160129731477
  }
}