{
  "weights": {
    "test_edge": 0.8312378961427876,
    "Unknown": 0.9553514240947624,
    "momentum_trend": 0.9548416039104165
  }
}