{
  "weights": {
    "xsec_momentum": 0.0029849111183563163,
    "bollinger_reversion": 0.0059177176998472455,
    "edge_name": 0.09777313681300831,
    "atr_breakout": 0.0012267894506940887,
    "rsi_bounce_v1_mut_56ef": 0.23163796703039233,
    "rsi_bounce_v1_mut_e05a": 0.4680070003043985,
    "momentum_edge": 0.005195975690544335,
    "rsi_bounce": 0.001019871837358244,
    "Unknown": 2.086363879384952e-06,
    "another_edge": 0.18623454369152112
  }
}