{
  "weights": {
    "test_edge": 0.17071072270435286,
    "another_edge": 0.35815534064665244,
    "edge_name": 0.320790957367665,
    "nan": 0.15034297928132978
  }
}