{
  "weights": {
    "test_edge": 0.17494307968547956,
    "another_edge": 0.34655822766424604,
    "edge_name": 0.3244283250254092,
    "nan": 0.15407036762486528
  }
}