{
  "weights": {
    "edge_name": 0.044244720269119395,
    "xsec_momentum": 0.34111325475390103,
    "nan": 0.015720786993374994,
    "Unknown": 0.49129284421119457,
    "another_edge": 0.06229592251992368,
    "test_edge": 0.01785056357103541
  }
}