{
  "N=10": {
    "n_firing": 10,
    "mean": 1.0,
    "std": 0.8372093102939816,
    "min": 0.02763141829441944,
    "max": 2.153246053605344,
    "frac_above_one": 0.5,
    "frac_below_one": 0.5,
    "weights": [
      1.715175,
      2.153246,
      1.531065,
      1.950069,
      1.751412,
      0.256171,
      0.078795,
      0.263063,
      0.027631,
      0.273373
    ],
    "histogram_bucket_width": 0.25,
    "histogram": {
      "[0.00, 0.25)": 2,
      "[0.25, 0.50)": 3,
      "[1.50, 1.75)": 2,
      "[1.75, 2.00)": 2,
      "[2.00, 2.25)": 1
    }
  },
  "N=20": {
    "n_firing": 20,
    "mean": 1.0,
    "std": 0.715142843764633,
    "min": 0.07202059345000014,
    "max": 1.7579045166946117,
    "frac_above_one": 0.5,
    "frac_below_one": 0.5,
    "weights": [
      1.600464,
      1.751151,
      1.635084,
      1.74407,
      1.66834,
      1.755499,
      1.678802,
      1.753793,
      1.621142,
      1.757905,
      0.07716,
      0.489067,
      0.096023,
      0.483536,
      0.088356,
      0.520868,
      0.072021,
      0.586236,
      0.08773,
      0.532754
    ],
    "histogram_bucket_width": 0.25,
    "histogram": {
      "[0.00, 0.25)": 5,
      "[0.25, 0.50)": 2,
      "[0.50, 0.75)": 3,
      "[1.50, 1.75)": 6,
      "[1.75, 2.00)": 4
    }
  },
  "N=30": {
    "n_firing": 30,
    "mean": 0.9999999999999999,
    "std": 0.6000174533610692,
    "min": 0.10555886079668421,
    "max": 1.6126825556365993,
    "frac_above_one": 0.5,
    "frac_below_one": 0.5,
    "weights": [
      1.487289,
      1.609546,
      1.55579,
      1.604539,
      1.567238,
      1.607286,
      1.591069,
      1.612683,
      1.487882,
      1.610762,
      1.485287,
      1.609322,
      1.517631,
      1.606757,
      1.54093,
      0.654172,
      0.105559,
      0.85543,
      0.113245,
      0.800569,
      0.149806,
      0.485969,
      0.117436,
      0.622651,
      0.121589,
      0.639284,
      0.230933,
      0.691442,
      0.22812,
      0.689782
    ],
    "histogram_bucket_width": 0.25,
    "histogram": {
      "[0.00, 0.25)": 7,
      "[0.25, 0.50)": 1,
      "[0.50, 0.75)": 5,
      "[0.75, 1.00)": 2,
      "[1.25, 1.50)": 3,
      "[1.50, 1.75)": 12
    }
  }
}