,gap_fill_v1,volume_anomaly_v1,value_earnings_yield_v1,value_book_to_market_v1,accruals_inv_sloan_v1,accruals_inv_asset_growth_v1
gap_fill_v1,1.0,0.27259889171506824,0.22440351249338875,0.10913767841462906,0.17624508552381818,0.25726729259514425
volume_anomaly_v1,0.27259889171506824,1.0,0.11736321324708472,0.10091801896200318,0.04867606123317348,0.11576909552043758
value_earnings_yield_v1,0.22440351249338875,0.11736321324708472,1.0,0.6421599080492587,0.533516457179897,0.6107543887311041
value_book_to_market_v1,0.10913767841462906,0.10091801896200318,0.6421599080492587,1.0,0.5393984034811705,0.47978866007309734
accruals_inv_sloan_v1,0.17624508552381818,0.04867606123317348,0.533516457179897,0.5393984034811705,1.0,0.4900392590635793
accruals_inv_asset_growth_v1,0.25726729259514425,0.11576909552043758,0.6107543887311041,0.47978866007309734,0.4900392590635793,1.0
