,gap_fill_v1,volume_anomaly_v1,value_earnings_yield_v1,value_book_to_market_v1,accruals_inv_sloan_v1,accruals_inv_asset_growth_v1
gap_fill_v1,1.0,-0.09216289747752554,0.04462688913050686,-0.0068577986522380405,-0.022978992920103126,0.09387134647029283
volume_anomaly_v1,-0.09216289747752554,1.0,0.18608527171581532,0.09191606689001204,0.08869598169575049,0.11147814566928116
value_earnings_yield_v1,0.04462688913050686,0.18608527171581532,1.0,0.33720372667321236,0.3197629007547869,0.39967010866404296
value_book_to_market_v1,-0.0068577986522380405,0.09191606689001204,0.33720372667321236,1.0,0.3265269089328199,0.24340576271680747
accruals_inv_sloan_v1,-0.022978992920103126,0.08869598169575049,0.3197629007547869,0.3265269089328199,1.0,0.1942449667610772
accruals_inv_asset_growth_v1,0.09387134647029283,0.11147814566928116,0.39967010866404296,0.24340576271680747,0.1942449667610772,1.0
