edge_id,gap_fill_v1,volume_anomaly_v1,value_earnings_yield_v1,value_book_to_market_v1,accruals_inv_sloan_v1,accruals_inv_asset_growth_v1
gap_fill_v1,1.0,0.155568941523104,0.1676890091051222,0.06568942422410597,0.0717067976338518,0.18535206482076044
volume_anomaly_v1,0.155568941523104,1.0,0.1436319314643128,0.09481657947171557,0.06614911678403651,0.11177308167529429
value_earnings_yield_v1,0.1676890091051222,0.1436319314643128,1.0,0.5065292914794021,0.3902792267475271,0.5067852092980224
value_book_to_market_v1,0.06568942422410597,0.09481657947171557,0.5065292914794021,1.0,0.3989069981679715,0.35768413376351754
accruals_inv_sloan_v1,0.0717067976338518,0.06614911678403651,0.3902792267475271,0.3989069981679715,1.0,0.2971457955982652
accruals_inv_asset_growth_v1,0.18535206482076044,0.11177308167529429,0.5067852092980224,0.35768413376351754,0.2971457955982652,1.0
